pool,name
first_female,Mary
first_female,Patricia
first_female,Jennifer
first_female,Linda
first_female,Elizabeth
first_female,Barbara
first_female,Susan
first_female,Jessica
first_female,Sarah
first_female,Karen
first_female,Nancy
first_female,Lisa
first_female,Margaret
first_female,Betty
first_female,Sandra
first_female,Ashley
first_female,Dorothy
first_female,Kimberly
first_female,Emily
first_female,Donna
first_male,James
first_male,Robert
first_male,John
first_male,Michael
first_male,David
first_male,William
first_male,Richard
first_male,Joseph
first_male,Thomas
first_male,Christopher
first_male,Charles
first_male,Daniel
first_male,Matthew
first_male,Anthony
first_male,Mark
first_male,Donald
first_male,Steven
first_male,Paul
first_male,Andrew
first_male,Joshua
last,Smith
last,Johnson
last,Williams
last,Brown
last,Jones
last,Garcia
last,Miller
last,Davis
last,Rodriguez
last,Martinez
last,Hernandez
last,Lopez
last,Gonzalez
last,Wilson
last,Anderson
last,Thomas
last,Taylor
last,Moore
last,Jackson
last,Martin
